id,nev,leiras,ido,adag,kep_url,created_at,updated_at
1,"Bolognai spagetti parmez├ínnal","1. A hagym├ít ├®s fokhagym├ít finomra v├ígjuk, majd ol├¡vaolajon megpir├¡tjuk. 2. Hozz├íadjuk a dar├ílt marhah├║st ├®s barn├íra pir├¡tjuk. 3. ├ûntj├╝k r├í a paradicsomsz├│szt ├®s a kock├ízott paradicsomot. 4. Bab├®rlev├®llel, oreg├ín├│val, bazsalikommal f┼▒szerezz├╝k, s├│zzuk, borsozzuk. 5. Lass├║ t┼▒z├Ân 30 percig f┼æzz├╝k. 6. K├Âzben a spagettit al dente-re f┼æzz├╝k s├│s v├¡zben. 7. A t├®szt├ít meglocsoljuk a sz├│sszal, frissen reszelt parmez├ínnal t├ílaljuk.",45,4,https://images.unsplash.com/photo-1621996346565-e3dbc646d9a9?w=800,,
2,"Csirke curry j├ízmin rizzsel","1. A csirkemellet felkock├ízzuk. 2. A hagym├ít ├®s a fokhagym├ít megpir├¡tjuk ol├¡vaolajon. 3. Hozz├íadjuk a curry port, kurkum├ít, gy├Âmb├®r-fokhagyma paszt├ít. 4. Beletessz├╝k a csirk├®t, megpir├¡tjuk. 5. Fel├Ântj├╝k k├│kusztejjel ├®s csirkealapl├®vel. 6. Hozz├íadjuk a s├írgar├®p├ít ├®s a bors├│t. 7. 20 percig f┼æzz├╝k. 8. K├Âzben a j├ízmin rizst k├╝l├Ân megf┼æzz├╝k. 9. A curryvel egy├╝tt t├ílaljuk, friss korianderrel d├¡sz├¡tj├╝k.",35,4,https://images.unsplash.com/photo-1588166524941-3bf61a9c41db?w=800,,
3,"Lasagne mozzarell├íval ├®s bazsalikommal","1. Bolognai sz├│szt k├®sz├¡t├╝nk dar├ílt marhah├║sb├│l, hagym├íb├│l, fokhagym├íb├│l, paradicsomsz├│szb├│l. 2. Bechamelt k├®sz├¡t├╝nk vajb├│l, lisztb┼æl ├®s tejb┼æl. 3. A tepsit kikenve lasagne lapokat rakunk az alj├íra. 4. R├®tegezz├╝k: bolognai, bechamel, lasagne lap, ism├®telj├╝k. 5. A tetej├®re mozzarell├ít ├®s parmez├ínt reszel├╝nk. 6. Friss bazsalikomot sz├│runk r├í. 7. 180 fokon 40 percig s├╝tj├╝k.",75,6,https://images.unsplash.com/photo-1574894709920-11b28e7367e3?w=800,,
4,"S├╝lt lazac citromos sp├írg├íval ├®s ├║jburgony├íval","1. A lazacot megs├│zzuk, borsozzuk, citroml├®vel meglocsoljuk. 2. Az apr├│ burgony├íkat f├®lbev├ígjuk, ol├¡vaolajon megforgatjuk, s├│zzuk. 3. A sp├írg├ít megtiszt├¡tjuk, ol├¡vaolajos, citromos p├ícot k├®sz├¡t├╝nk r├í. 4. A lazacot, burgony├ít ├®s sp├írg├ít 200 fokon 25 percig s├╝tj├╝k. 5. Friss petrezselyemmel ├®s citromkarik├íval t├ílaljuk.",35,2,https://images.unsplash.com/photo-1467003909585-2f8a72700288?w=800,,
5,"Mexik├│i burrito marhah├║ssal ├®s guacamol├®val","1. A marhah├║st felkock├ízzuk ├®s fajita f┼▒szerkever├®kkel besz├│rjuk. 2. Megpir├¡tjuk, hozz├íadjuk a v├Âr├Âshagym├ít, paprik├ít. 3. Guacamol├®t k├®sz├¡t├╝nk avok├íd├│b├│l, lime-b├│l, korianderb┼æl. 4. A lisztes tortill├ít megmeleg├¡tj├╝k. 5. Megt├Âltj├╝k a h├║ssal, rizzsel, ├║jras├╝t├Âtt babbal, sajttal, tejf├Âllel, guacamol├®val. 6. Feltekerj├╝k ├®s meleg szalsa sz├│sszal t├ílaljuk.",30,4,https://images.unsplash.com/photo-1626700051175-6818013e1d4f?w=800,,
6,"Csirk├®s c├®z├ír sal├íta h├ízi ├Ântettel","1. A csirkemellet s├│zzuk, borsozzuk, ol├¡vaolajon kis├╝tj├╝k. 2. C├®z├ír ├Ântethez kever├╝nk parmez├ínt, fokhagym├ít, citromlevet, ol├¡vaolaajat, angol must├írt. 3. A fejessal├ít├ít megmossuk, falatnyi darabokra t├®pj├╝k. 4. Pir├¡t├│s keny├®rkock├íkat k├®sz├¡t├╝nk. 5. ├ûsszekeverj├╝k a sal├ít├ít az ├Ântettel, hozz├íadjuk a szeletelt csirk├®t, pir├¡t├│s kock├íkat, parmez├ín reszel├®ket.",25,2,https://images.unsplash.com/photo-1546793665-c74683f339c1?w=800,,
7,"Thai z├Âld curry garn├®lar├íkkal","1. A garn├®lar├íkot megtiszt├¡tjuk. 2. Thai z├Âld curry paszt├ít megpir├¡tjuk ol├¡vaolajon. 3. Hozz├í├Ântj├╝k a k├│kusztejjel. 4. Hozz├íadjuk a s├írgar├®p├ít, paprik├ít, bambuszr├╝gyet. 5. 10 perc f┼æz├®s ut├ín hozz├íadjuk a r├íkokat. 6. Thai halsz├│sszal, lime-l├®vel ├¡zes├¡tj├╝k. 7. J├ízmin rizzsel t├ílaljuk, friss korianderrel d├¡sz├¡tj├╝k.",30,3,https://images.unsplash.com/photo-1455619452474-d2be8b1e70cd?w=800,,
8,"R├íntott csirkemell s├╝ltkrumplival ├®s coleslaw sal├ít├íval","1. A csirkemellet kiklopfoljuk, s├│zzuk, borsozzuk. 2. Lisztbe, felvert toj├ísba, zsemlemorzs├íba forgatjuk. 3. B┼æ forr├│ olajban aranybarn├íra s├╝tj├╝k. 4. Burgony├ít has├íbokra v├ígjuk, ol├¡vaolajon s├╝t┼æben aranybarn├íra s├╝tj├╝k. 5. Coleslaw-hoz k├íposzt├ít, r├®p├ít reszel├╝nk, tejf├Âl├Âs-majon├®zes ├Ântettel elkeverj├╝k. 6. Citromkarik├íval t├ílaljuk.",40,4,https://images.unsplash.com/photo-1562967914-608f82629710?w=800,,
9,"Veget├íri├ínus chili bab kukoric├íval ├®s avok├íd├│val","1. A hagym├ít ├®s fokhagym├ít megpir├¡tjuk. 2. Hozz├íadjuk a cs├¡p┼æs paprik├ít, chili port, k├Âmm├®nyt. 3. Hozz├íkeverj├╝k a v├Âr├Âsbors├│ konzervet, fekete babot, csemegekukoric├ít. 4. Fel├Ântj├╝k paradicsomsz├│sszal ├®s z├Âlds├®galapl├®vel. 5. 25 percig f┼æzz├╝k. 6. Tejf├Âllel, avok├íd├│ szeletekkel, reszelt sajttal, friss korianderrel t├ílaljuk.",35,5,https://images.unsplash.com/photo-1588137378633-dea1336ce1e2?w=800,,
10,"G├Âr├Âg moussaka padlizs├ínnal ├®s b├ír├ínyb├│l","1. A padlizs├ínt felszeletelj├╝k, megs├│zzuk, 20 perc ut├ín lesz├ír├¡tjuk ├®s kis├╝tj├╝k. 2. Dar├ílt b├ír├ínyb├│l, hagym├íb├│l, fokhagym├íb├│l, paradicsomb├│l sz├│szt f┼æz├╝nk fah├®jjal, oreg├ín├│val. 3. Bechamel sz├│szt k├®sz├¡t├╝nk. 4. Tepsiben r├®tegezz├╝k: padlizs├ín, b├ír├ínyos sz├│sz, padlizs├ín, bechamel. 5. Tetej├®re reszelt sajtot sz├│runk. 6. 180 fokon 45 percig s├╝tj├╝k.",90,6,https://images.unsplash.com/photo-1601050690597-df0568f70950?w=800,,
11,"Tenger gy├╝m├Âlcsei linguine-vel","1. A garn├®lar├íkot, kagyl├│t, tintahalat megtiszt├¡tjuk. 2. Fokhagym├ít ├®s chili pelyhet ol├¡vaolajon megpir├¡tjuk. 3. Hozz├íadjuk a tenger gy├╝m├Âlcseit, feh├®rborral fel├Ântj├╝k. 4. Paradicsomot, bab├®rlevelet hozz├íadunk. 5. A linguine t├®szt├ít megf┼æzz├╝k. 6. A sz├│sszal ├Âsszekeverj├╝k, petrezselyemmel, citromh├®jjal d├¡sz├¡tj├╝k.",30,4,https://images.unsplash.com/photo-1563379091339-03b21ab4a4f8?w=800,,
12,"Indiai tikka masala csirk├®vel ├®s naan keny├®rrel","1. A csirkemellet joghurtban, garam masal├íban, kurkum├íban, gy├Âmb├®r-fokhagyma paszt├íban p├ícoljuk 2 ├│r├ít. 2. Megpir├¡tjuk. 3. Hagym├ít, fokhagym├ít pir├¡tunk, hozz├íadjuk a madras paszt├ít. 4. Paradicsomot, tejsz├¡nt, csirkealapl├®t ├Ânt├╝nk hozz├í. 5. A csirk├®t hozz├íadjuk, 15 percig f┼æzz├╝k. 6. Basmati rizzsel ├®s naan keny├®rrel t├ílaljuk.",150,4,https://images.unsplash.com/photo-1565557623262-b51c2513a641?w=800,,
13,"Taco salata dar├ílt marhah├║ssal","1. A dar├ílt marhah├║st taco f┼▒szerrel megpir├¡tjuk. 2. Fejessal├ít├ít, kokt├®lparadicsomot, avok├íd├│t, kukoric├ít, fekete babot felkock├ízunk. 3. Tortilla chipset apr├│ra t├Âr├╝nk. 4. Mindet ├Âsszekeverj├╝k reszelt sajttal. 5. Lime-os tejf├Âl├Âs ├Ântettel meglocsoljuk. 6. T├ílal├ískor tortilla chipsszel d├¡sz├¡tj├╝k.",20,3,https://images.unsplash.com/photo-1512621776951-a57141f2eefd?w=800,,
14,"Risotto gomb├íval ├®s parmez├ínnal","1. A mogyor├│hagym├ít megpir├¡tjuk vajon. 2. Hozz├íadjuk a rizst, megpir├¡tjuk. 3. Feh├®rborral fel├Ântj├╝k. 4. Fokozatosan hozz├íadjuk a forr├│ csirkealapl├®t, folyamatosan keverj├╝k. 5. A gomb├ít k├╝l├Ân megpir├¡tjuk fokhagym├íval. 6. A k├®sz risott├│ba keverj├╝k a gomb├ít, parmez├ínt, vajat. 7. Petrezselyemmel t├ílaljuk.",35,4,https://images.unsplash.com/photo-1476124369491-54c6933d33c9?w=800,,
15,"Barbecue spare ribs s├╝lt kukoric├íval","1. A sert├®sbord├ít megs├│zzuk, borsozzuk, fokhagymaporral besz├│rjuk. 2. Barbecue sz├│sszal bekenj├╝k. 3. Aluf├│li├íba csomagoljuk, 160 fokon 2 ├│r├ít s├╝tj├╝k. 4. Kibontjuk, ├║jra megkenj├╝k sz├│sszal, 200 fokon 20 percig pir├¡tjuk. 5. A kukoric├ít vajjal megkenj├╝k, grillezz├╝k. 6. Coleslaw sal├ít├íval t├ílaljuk.",150,4,https://images.unsplash.com/photo-1544025162-d76694265947?w=800,,
16,"Pad Thai garn├®lar├íkkal","1. A rizst├®szt├ít be├íztatjuk meleg v├¡zbe. 2. Garn├®lar├íkot, toj├íst, tofu-t megpir├¡tunk. 3. A t├®szt├ít hozz├íadjuk. 4. Tamarind paszt├íval, halsz├│sszal, barnacukorral ├¡zes├¡tj├╝k. 5. Hozz├íadjuk a z├Âldhagym├ít, cs├¡rasal├ít├ít, mogyor├│t. 6. Lime-mal, korianderrel, mogyor├│val t├ílaljuk.",25,3,https://images.unsplash.com/photo-1559314809-0d155014e29e?w=800,,
17,"G├Âr├Âg sal├íta feta sajttal ├®s olajbogy├│val","1. Az ubork├ít, paradicsomot, paprik├ít felkock├ízzuk. 2. V├Âr├Âshagym├ít v├®kony szeletekre v├ígjuk. 3. Hozz├íadjuk a fekete olajbogy├│t ├®s a kock├ízott feta sajtot. 4. ├ûntethez ol├¡vaolaajat, citromlevet, oreg├ín├│t, s├│t, borsot kever├╝nk. 5. Az eg├®szet ├Âsszekeverj├╝k. 6. Friss bazsalikommal d├¡sz├¡tj├╝k.",15,4,https://images.unsplash.com/photo-1540189549336-e6e99c3679fe?w=800,,
18,"Spen├│tos-ricott├ís cannelloni paradicsomsz├│sszal","1. A spen├│tot megp├íroljuk, kinyomkodjuk. 2. Ricott├íval, parmez├ínnal, toj├íssal, szerecsendi├│val elkeverj├╝k. 3. A cannelloni t├®szt├íkat megt├Âltj├╝k. 4. Paradicsomsz├│szt k├®sz├¡t├╝nk hagym├íb├│l, fokhagym├íb├│l, kock├ízott paradicsomb├│l, bazsalikomb├│l. 5. A t├®szt├íkat tepsibe rakjuk, le├Ântj├╝k sz├│sszal. 6. Mozzarell├ít sz├│runk r├í, 180 fokon 35 percig s├╝tj├╝k.",60,4,https://images.unsplash.com/photo-1621996346565-e3dbc646d9a9?w=800,,
19,"H├║sgomb├│c spagetti paradicsomsz├│szban","1. Dar├ílt marhah├║shoz toj├íst, zsemlemorzs├ít, fokhagym├ít, oreg├ín├│t kever├╝nk. 2. Gomb├│cokat form├ízunk, olajban kis├╝tj├╝k. 3. Paradicsomsz├│szt f┼æz├╝nk hagym├íb├│l, fokhagym├íb├│l, paradicsomb├│l, bazsalikomb├│l. 4. A gomb├│cokat hozz├íadjuk, 15 percig f┼æzz├╝k. 5. A spagettit megf┼æzz├╝k. 6. A h├║sgomb├│cos sz├│sszal t├ílaljuk, parmez├ínnal meghintj├╝k.",45,4,https://images.unsplash.com/photo-1622973536968-3ead9e780960?w=800,,
20,"Marokk├│i kuszkusz s├╝lt z├Âlds├®gekkel","1. A padlizs├ínt, cukkinit, paprik├ít, v├Âr├Âshagym├ít felkock├ízzuk. 2. Ol├¡vaolajon, k├Âm├®nynyel, kurkum├íval, fah├®jjal besz├│rva s├╝t┼æben megs├╝tj├╝k. 3. A kuszkuszt forr├ísban l├®v┼æ z├Âlds├®galapl├®vel fel├Ântj├╝k, 5 perc alatt megdagad. 4. Vill├íval fellaz├¡tjuk, hozz├íkeverj├╝k a s├╝lt z├Âlds├®geket. 5. S├írgabarackal, kesudi├│val, friss ment├íval d├¡sz├¡tj├╝k.",35,4,https://images.unsplash.com/photo-1551183053-bf91a1d81141?w=800,,
21,"Csirke teriyaki s├╝lt z├Âlds├®gekkel ├®s j├ízmin rizzsel","1. Teriyaki sz├│szt k├®sz├¡t├╝nk sz├│jasz├│szb├│l, m├®zb┼æl, gy├Âmb├®rb┼æl, fokhagym├íb├│l. 2. A csirkemellet felkock├ízzuk, a sz├│szban megpir├¡tjuk. 3. Brokkolit, paprik├ít, s├írgar├®p├ít pir├¡tunk. 4. A j├ízmin rizst megf┼æzz├╝k. 5. Mindent ├Âsszekever├╝nk, szez├ímmaggal sz├│rjuk meg.",30,3,https://images.unsplash.com/photo-1617093727343-374698b1b08d?w=800,,
22,"Veg├ín buddha bowl quino├íval","1. A quino├ít megf┼æzz├╝k z├Âlds├®galapl├®ben. 2. ├ëdesburgony├ít, csicseribors├│t kurkum├íval, f├╝st├Âlt paprik├íval s├╝t┼æben megs├╝tj├╝k. 3. Avok├íd├│t, ubork├ít, kokt├®lparadicsomot felszeletel├╝nk. 4. Rukkol├ít, spen├│tot egy t├ílba rakunk. 5. A quino├ít, s├╝lt z├Âlds├®geket, nyers z├Âlds├®geket r├®tegezz├╝k. 6. Tahinis-citromos ├Ântettel meglocsoljuk.",40,2,https://images.unsplash.com/photo-1546069901-ba9599a7e63c?w=800,,
23,"S├╝lt kacsamell narancsos sz├│sszal","1. A kacsamell b┼ær├®t bekock├ízzuk, megs├│zzuk. 2. B┼ær├Âs oldallal lefel├® hideg serpeny┼æbe tessz├╝k, lassan kis├╝tj├╝k. 3. Megford├¡tjuk, 5 percig s├╝tj├╝k. 4. Narancsos sz├│szt k├®sz├¡t├╝nk narancsl├®b┼æl, m├®zb┼æl, v├Âr├Âsborb├│l. 5. A kacs├ít szeletelj├╝k, a sz├│sszal t├ílaljuk. 6. S├╝lt burgony├íval ├®s z├Âldbabbal k├¡n├íljuk.",35,2,https://images.unsplash.com/photo-1619894991729-f90fccf3579e?w=800,,
24,"Lencse dal indiai m├│dra basmati rizzsel","1. A s├írgalencs├®ket megmossuk. 2. Hagym├ít, fokhagym├ít, gy├Âmb├®rt megpir├¡tunk. 3. Hozz├íadjuk a kurkum├ít, k├Âmm├®nyt, koriandert, chili port. 4. A lencs├®ket hozz├íadjuk, fel├Ântj├╝k v├¡zzel. 5. 25 percig f┼æzz├╝k puh├íra. 6. Paradicsomot, k├│kusztejet hozz├íadunk. 7. Basmati rizzsel, naan keny├®rrel t├ílaljuk.",40,4,https://images.unsplash.com/photo-1585937421612-70a008356fbe?w=800,,
25,"Caprese sal├íta balzsamecettel","1. A mozzarella goly├│kat ├®s a paradicsomot szeletelj├╝k. 2. Felv├íltva r├®tegezz├╝k egy t├ílra. 3. Friss bazsalikom leveleket helyez├╝nk k├Âz├®j├╝k. 4. Meglocsoljuk ol├¡vaolaajjal ├®s balzsamecettel. 5. Megs├│zzuk, borsozzuk. 6. Ropog├│s keny├®rrel t├ílaljuk.",10,2,https://images.unsplash.com/photo-1608897013039-887f21d8c804?w=800,,
